Workbook
Name Slicer_City_tier: #N/A
Name Slicer_Diabetes_Status: #N/A
Name Slicer_Hospital_tier: #N/A
Name Slicer_smoker: #N/A
Name Slicer_Weight_Status: #N/A

Sheet Customer Names
A1: Customer ID | B1: name | C1: Title | D1: First Name | E1: Last Name
A2: Id1 | B2: Hawks, Ms. Kelly | C2: =TRIM(MID(B2,FIND(",",B2)+1,FIND(" ",B2,FIND(",",B2)+2)-FIND(",",B2)-1)) -> Ms. | D2: =_xlfn.TEXTAFTER(_xlfn.TEXTAFTER(B2,", ")," ") -> Kelly | E2: =TRIM(LEFT(B2,FIND(",",B2)-1)) -> Hawks
A3: Id2 | B3: Lehner, Mr. Matthew D | C3: =TRIM(MID(B3,FIND(",",B3)+1,FIND(" ",B3,FIND(",",B3)+2)-FIND(",",B3)-1)) -> Mr. | D3: =_xlfn.TEXTAFTER(_xlfn.TEXTAFTER(B3,", ")," ") -> Matthew D | E3: =TRIM(LEFT(B3,FIND(",",B3)-1)) -> Lehner
A4: Id3 | B4: Lu, Mr. Phil | C4: =TRIM(MID(B4,FIND(",",B4)+1,FIND(" ",B4,FIND(",",B4)+2)-FIND(",",B4)-1)) -> Mr. | D4: =_xlfn.TEXTAFTER(_xlfn.TEXTAFTER(B4,", ")," ") -> Phil | E4: =TRIM(LEFT(B4,FIND(",",B4)-1)) -> Lu
A5: Id4 | B5: Osborne, Ms. Kelsey | C5: =TRIM(MID(B5,FIND(",",B5)+1,FIND(" ",B5,FIND(",",B5)+2)-FIND(",",B5)-1)) -> Ms. | D5: =_xlfn.TEXTAFTER(_xlfn.TEXTAFTER(B5,", ")," ") -> Kelsey | E5: =TRIM(LEFT(B5,FIND(",",B5)-1)) -> Osborne
A6: Id5 | B6: Kadala, Ms. Kristyn | C6: =TRIM(MID(B6,FIND(",",B6)+1,FIND(" ",B6,FIND(",",B6)+2)-FIND(",",B6)-1)) -> Ms. | D6: =_xlfn.TEXTAFTER(_xlfn.TEXTAFTER(B6,", ")," ") -> Kristyn | E6: =TRIM(LEFT(B6,FIND(",",B6)-1)) -> Kadala
A7: Id6 | B7: Baker, Mr. Russell B. | C7: =TRIM(MID(B7,FIND(",",B7)+1,FIND(" ",B7,FIND(",",B7)+2)-FIND(",",B7)-1)) -> Mr. | D7: =_xlfn.TEXTAFTER(_xlfn.TEXTAFTER(B7,", ")," ") -> Russell B. | E7: =TRIM(LEFT(B7,FIND(",",B7)-1)) -> Baker
A8: Id7 | B8: Macpherson, Mr. Scott | C8: =TRIM(MID(B8,FIND(",",B8)+1,FIND(" ",B8,FIND(",",B8)+2)-FIND(",",B8)-1)) -> Mr. | D8: =_xlfn.TEXTAFTER(_xlfn.TEXTAFTER(B8,", ")," ") -> Scott | E8: =TRIM(LEFT(B8,FIND(",",B8)-1)) -> Macpherson
A9: Id8 | B9: Hallman, Mr. Stephen | C9: =TRIM(MID(B9,FIND(",",B9)+1,FIND(" ",B9,FIND(",",B9)+2)-FIND(",",B9)-1)) -> Mr. | D9: =_xlfn.TEXTAFTER(_xlfn.TEXTAFTER(B9,", ")," ") -> Stephen | E9: =TRIM(LEFT(B9,FIND(",",B9)-1)) -> Hallman
A10: Id9 | B10: Moran, Mr. Patrick R. | C10: =TRIM(MID(B10,FIND(",",B10)+1,FIND(" ",B10,FIND(",",B10)+2)-FIND(",",B10)-1)) -> Mr. | D10: =_xlfn.TEXTAFTER(_xlfn.TEXTAFTER(B10,", ")," ") -> Patrick R. | E10: =TRIM(LEFT(B10,FIND(",",B10)-1)) -> Moran
A11: Id10 | B11: Benner, Ms. Brooke N. | C11: =TRIM(MID(B11,FIND(",",B11)+1,FIND(" ",B11,FIND(",",B11)+2)-FIND(",",B11)-1)) -> Ms. | D11: =_xlfn.TEXTAFTER(_xlfn.TEXTAFTER(B11,", ")," ") -> Brooke N. | E11: =TRIM(LEFT(B11,FIND(",",B11)-1)) -> Benner
A12: Id11 | B12: Fierro Vargas, Ms. Paola Andrea | C12: =TRIM(MID(B12,FIND(",",B12)+1,FIND(" ",B12,FIND(",",B12)+2)-FIND(",",B12)-1)) -> Ms. | D12: =_xlfn.TEXTAFTER(_xlfn.TEXTAFTER(B12,", ")," ") -> Paola Andrea | E12: =TRIM(LEFT(B12,FIND(",",B12)-1)) -> Fierro Vargas
A13: Id12 | B13: Franz, Mr. David | C13: =TRIM(MID(B13,FIND(",",B13)+1,FIND(" ",B13,FIND(",",B13)+2)-FIND(",",B13)-1)) -> Mr. | D13: =_xlfn.TEXTAFTER(_xlfn.TEXTAFTER(B13,", ")," ") -> David | E13: =TRIM(LEFT(B13,FIND(",",B13)-1)) -> Franz
... A2336: Id2335 | B2336: German, Mr. Aaron K | C2336: =TRIM(MID(B2336,FIND(",",B2336)+1,FIND(" ",B2336,FIND(",",B2336)+2)-FIND(",",B2336)-1)) -> Mr. | D2336: =_xlfn.TEXTAFTER(_xlfn.TEXTAFTER(B2336,", ")," ") -> Aaron K | E2336: =TRIM(LEFT(B2336,FIND(",",B2336)-1)) -> German

Sheet Medical Examinations
A1: Customer ID | B1: BMI | C1: HBA1C | D1: Heart Issues | E1: Any Transplants | F1: Cancer history | G1: NumberOfMajorSurgeries | H1: smoker | I1: Weight Status | J1: Diabetes Status
A2: Id1 | B2: 47.41 | C2: 7.47 | D2: No | E2: No | F2: No | G2: 0 | H2: yes | I2: =IF(B2<18.5,"Underweight",IF(B2<25,"Normal Weight",IF(B2<30,"Overweight","Obesity"))) -> Obesity | J2: =IF(C2<5.7,"Normal",IF(C2<6.5,"Prediabetes","Diabetes")) -> Diabetes | M2: Medical Examinations
A3: Id2 | B3: 30.36 | C3: 5.77 | D3: No | E3: No | F3: No | G3: 0 | H3: yes | I3: =IF(B3<18.5,"Underweight",IF(B3<25,"Normal Weight",IF(B3<30,"Overweight","Obesity"))) -> Obesity | J3: =IF(C3<5.7,"Normal",IF(C3<6.5,"Prediabetes","Diabetes")) -> Prediabetes | M3: Column | N3: No. of Missing Values
A4: Id3 | B4: 34.485 | C4: 11.87 | D4: yes | E4: No | F4: No | G4: 2 | H4: yes | I4: =IF(B4<18.5,"Underweight",IF(B4<25,"Normal Weight",IF(B4<30,"Overweight","Obesity"))) -> Obesity | J4: =IF(C4<5.7,"Normal",IF(C4<6.5,"Prediabetes","Diabetes")) -> Diabetes | M4: Customer ID | N4: =COUNTIF('Medical Examinations'!A1:A2336,"?") -> 0
A5: Id4 | B5: 38.095 | C5: 6.05 | D5: No | E5: No | F5: No | G5: 0 | H5: yes | I5: =IF(B5<18.5,"Underweight",IF(B5<25,"Normal Weight",IF(B5<30,"Overweight","Obesity"))) -> Obesity | J5: =IF(C5<5.7,"Normal",IF(C5<6.5,"Prediabetes","Diabetes")) -> Prediabetes | M5: BMI | N5: =COUNTIF('Medical Examinations'!B:B,"?") -> 0
A6: Id5 | B6: 35.53 | C6: 5.45 | D6: No | E6: No | F6: No | G6: 0 | H6: yes | I6: =IF(B6<18.5,"Underweight",IF(B6<25,"Normal Weight",IF(B6<30,"Overweight","Obesity"))) -> Obesity | J6: =IF(C6<5.7,"Normal",IF(C6<6.5,"Prediabetes","Diabetes")) -> Normal | M6: HBA1C | N6: =COUNTIF('Medical Examinations'!C1:C2336,"?") -> 0
A7: Id6 | B7: 32.8 | C7: 6.59 | D7: No | E7: No | F7: No | G7: 0 | H7: yes | I7: =IF(B7<18.5,"Underweight",IF(B7<25,"Normal Weight",IF(B7<30,"Overweight","Obesity"))) -> Obesity | J7: =IF(C7<5.7,"Normal",IF(C7<6.5,"Prediabetes","Diabetes")) -> Diabetes | M7: Heart Issues | N7: =COUNTIF('Medical Examinations'!D1:D2336,"?") -> 0
A8: Id7 | B8: 36.4 | C8: 6.07 | D8: No | E8: No | F8: No | G8: 0 | H8: yes | I8: =IF(B8<18.5,"Underweight",IF(B8<25,"Normal Weight",IF(B8<30,"Overweight","Obesity"))) -> Obesity | J8: =IF(C8<5.7,"Normal",IF(C8<6.5,"Prediabetes","Diabetes")) -> Prediabetes | M8: Any Transplants | N8: =COUNTIF('Medical Examinations'!E1:E2336,"?") -> 0
A9: Id8 | B9: 36.96 | C9: 7.93 | D9: No | E9: No | F9: No | G9: 3 | H9: yes | I9: =IF(B9<18.5,"Underweight",IF(B9<25,"Normal Weight",IF(B9<30,"Overweight","Obesity"))) -> Obesity | J9: =IF(C9<5.7,"Normal",IF(C9<6.5,"Prediabetes","Diabetes")) -> Diabetes | M9: Cancer history | N9: =COUNTIF('Medical Examinations'!F1:F2336,"?") -> 0
A10: Id9 | B10: 41.14 | C10: 9.58 | D10: yes | E10: No | F10: Yes | G10: 1 | H10: yes | I10: =IF(B10<18.5,"Underweight",IF(B10<25,"Normal Weight",IF(B10<30,"Overweight","Obesity"))) -> Obesity | J10: =IF(C10<5.7,"Normal",IF(C10<6.5,"Prediabetes","Diabetes")) -> Diabetes | M10: Number Of Major Surgeries | N10: =COUNTIF('Medical Examinations'!G1:G2336,"?") -> 0
A11: Id10 | B11: 38.06 | C11: 10.79 | D11: No | E11: No | F11: No | G11: 0 | H11: yes | I11: =IF(B11<18.5,"Underweight",IF(B11<25,"Normal Weight",IF(B11<30,"Overweight","Obesity"))) -> Obesity | J11: =IF(C11<5.7,"Normal",IF(C11<6.5,"Prediabetes","Diabetes")) -> Diabetes | M11: smoker | N11: =COUNTIF('Medical Examinations'!H1:H2336,"?") -> 0
A12: Id11 | B12: 37.7 | C12: 5.96 | D12: yes | E12: No | F12: No | G12: 2 | H12: yes | I12: =IF(B12<18.5,"Underweight",IF(B12<25,"Normal Weight",IF(B12<30,"Overweight","Obesity"))) -> Obesity | J12: =IF(C12<5.7,"Normal",IF(C12<6.5,"Prediabetes","Diabetes")) -> Prediabetes
A13: Id12 | B13: 42.13 | C13: 11.9 | D13: No | E13: No | F13: No | G13: 0 | H13: yes | I13: =IF(B13<18.5,"Underweight",IF(B13<25,"Normal Weight",IF(B13<30,"Overweight","Obesity"))) -> Obesity | J13: =IF(C13<5.7,"Normal",IF(C13<6.5,"Prediabetes","Diabetes")) -> Diabetes | M13: Most frequent value
A14: Id13 | B14: 40.92 | C14: 8.41 | D14: No | E14: No | F14: No | G14: 0 | H14: yes | I14: =IF(B14<18.5,"Underweight",IF(B14<25,"Normal Weight",IF(B14<30,"Overweight","Obesity"))) -> Obesity | J14: =IF(C14<5.7,"Normal",IF(C14<6.5,"Prediabetes","Diabetes")) -> Diabetes | M14: Smoker (Yes) | N14: =COUNTIF(H1:H2336,"Yes") -> 488
A15: Id14 | B15: 40.565 | C15: 7.02 | D15: No | E15: No | F15: No | G15: 0 | H15: yes | I15: =IF(B15<18.5,"Underweight",IF(B15<25,"Normal Weight",IF(B15<30,"Overweight","Obesity"))) -> Obesity | J15: =IF(C15<5.7,"Normal",IF(C15<6.5,"Prediabetes","Diabetes")) -> Diabetes | M15: Smoker (No) | N15: =COUNTIF(H1:H2336,"No") -> 1847
A16: Id15 | B16: 36.385 | C16: 7.59 | D16: yes | E16: No | F16: No | G16: 2 | H16: yes | I16: =IF(B16<18.5,"Underweight",IF(B16<25,"Normal Weight",IF(B16<30,"Overweight","Obesity"))) -> Obesity | J16: =IF(C16<5.7,"Normal",IF(C16<6.5,"Prediabetes","Diabetes")) -> Diabetes
A17: Id16 | B17: 39.9 | C17: 11.32 | D17: No | E17: No | F17: No | G17: 0 | H17: yes | I17: =IF(B17<18.5,"Underweight",IF(B17<25,"Normal Weight",IF(B17<30,"Overweight","Obesity"))) -> Obesity | J17: =IF(C17<5.7,"Normal",IF(C17<6.5,"Prediabetes","Diabetes")) -> Diabetes
A18: Id17 | B18: 33.8 | C18: 7.67 | D18: No | E18: No | F18: No | G18: 3 | H18: yes | I18: =IF(B18<18.5,"Underweight",IF(B18<25,"Normal Weight",IF(B18<30,"Overweight","Obesity"))) -> Obesity | J18: =IF(C18<5.7,"Normal",IF(C18<6.5,"Prediabetes","Diabetes")) -> Diabetes
A19: Id18 | B19: 36.765 | C19: 7.29 | D19: yes | E19: No | F19: Yes | G19: 1 | H19: yes | I19: =IF(B19<18.5,"Underweight",IF(B19<25,"Normal Weight",IF(B19<30,"Overweight","Obesity"))) -> Obesity | J19: =IF(C19<5.7,"Normal",IF(C19<6.5,"Prediabetes","Diabetes")) -> Diabetes
A20: Id19 | B20: 36.955 | C20: 4.72 | D20: yes | E20: No | F20: No | G20: 1 | H20: yes | I20: =IF(B20<18.5,"Underweight",IF(B20<25,"Normal Weight",IF(B20<30,"Overweight","Obesity"))) -> Obesity | J20: =IF(C20<5.7,"Normal",IF(C20<6.5,"Prediabetes","Diabetes")) -> Normal
A21: Id20 | B21: 42.9 | C21: 11.41 | D21: No | E21: No | F21: No | G21: 0 | H21: yes | I21: =IF(B21<18.5,"Underweight",IF(B21<25,"Normal Weight",IF(B21<30,"Overweight","Obesity"))) -> Obesity | J21: =IF(C21<5.7,"Normal",IF(C21<6.5,"Prediabetes","Diabetes")) -> Diabetes
A22: Id21 | B22: 36.3 | C22: 11.5 | D22: yes | E22: No | F22: No | G22: 2 | H22: yes | I22: =IF(B22<18.5,"Underweight",IF(B22<25,"Normal Weight",IF(B22<30,"Overweight","Obesity"))) -> Obesity | J22: =IF(C22<5.7,"Normal",IF(C22<6.5,"Prediabetes","Diabetes")) -> Diabetes
A23: Id22 | B23: 32.2 | C23: 6.22 | D23: yes | E23: No | F23: No | G23: 2 | H23: yes | I23: =IF(B23<18.5,"Underweight",IF(B23<25,"Normal Weight",IF(B23<30,"Overweight","Obesity"))) -> Obesity | J23: =IF(C23<5.7,"Normal",IF(C23<6.5,"Prediabetes","Diabetes")) -> Prediabetes
A24: Id23 | B24: 31.3 | C24: 11.38 | D24: No | E24: No | F24: No | G24: 3 | H24: yes | I24: =IF(B24<18.5,"Underweight",IF(B24<25,"Normal Weight",IF(B24<30,"Overweight","Obesity"))) -> Obesity | J24: =IF(C24<5.7,"Normal",IF(C24<6.5,"Prediabetes","Diabetes")) -> Diabetes
A25: Id24 | B25: 41.8 | C25: 7.89 | D25: yes | E25: No | F25: No | G25: 2 | H25: yes | I25: =IF(B25<18.5,"Underweight",IF(B25<25,"Normal Weight",IF(B25<30,"Overweight","Obesity"))) -> Obesity | J25: =IF(C25<5.7,"Normal",IF(C25<6.5,"Prediabetes","Diabetes")) -> Diabetes
A26: Id25 | B26: 35.09 | C26: 4.38 | D26: yes | E26: No | F26: No | G26: 2 | H26: yes | I26: =IF(B26<18.5,"Underweight",IF(B26<25,"Normal Weight",IF(B26<30,"Overweight","Obesity"))) -> Obesity | J26: =IF(C26<5.7,"Normal",IF(C26<6.5,"Prediabetes","Diabetes")) -> Normal
A27: Id26 | B27: 33.88 | C27: 7.01 | D27: No | E27: No | F27: No | G27: 3 | H27: yes | I27: =IF(B27<18.5,"Underweight",IF(B27<25,"Normal Weight",IF(B27<30,"Overweight","Obesity"))) -> Obesity | J27: =IF(C27<5.7,"Normal",IF(C27<6.5,"Prediabetes","Diabetes")) -> Diabetes
... A2336: Id2335 | B2336: 17.58 | C2336: 4.51 | D2336: No | E2336: No | F2336: No | G2336: 1 | H2336: No | I2336: =IF(B2336<18.5,"Underweight",IF(B2336<25,"Normal Weight",IF(B2336<30,"Overweight","Obesity"))) -> Underweight | J2336: =IF(C2336<5.7,"Normal",IF(C2336<6.5,"Prediabetes","Diabetes")) -> Normal

Sheet Hospitalisation Details
A1: Customer ID | B1: year | C1: month | D1: date | E1: children | F1: charges | G1: Hospital tier | H1: City tier | I1: State ID | J1: Date of Birth | K1: Age
A2: Id2335 | B2: 1992 | C2: Jul | D2: 9 | E2: 0 | F2: 563.84 | G2: tier - 2 | H2: tier - 3 | I2: R1013 | J2: =DATE(B2,MONTH(1&C2),D2) -> 33794 | K2: =DATEDIF(J2,DATE(2023,6,8),"Y") -> 30 | O2: Hospitalisation Details
A3: Id2334 | B3: 1992 | C3: Nov | D3: 30 | E3: 0 | F3: 570.62 | G3: tier - 2 | H3: tier - 1 | I3: R1013 | J3: =DATE(B3,MONTH(1&C3),D3) -> 33938 | K3: =DATEDIF(J3,DATE(2023,6,8),"Y") -> 30 | O3: Column | P3: No. of Missing Values
A4: Id2333 | B4: 1993 | C4: Jun | D4: 30 | E4: 0 | F4: 600 | G4: tier - 2 | H4: tier - 1 | I4: R1013 | J4: =DATE(B4,MONTH(1&C4),D4) -> 34150 | K4: =DATEDIF(J4,DATE(2023,6,8),"Y") -> 29 | O4: Customer ID | P4: =COUNTIF('Hospitalisation Details'!A1:A2344,"?") -> 6
A5: Id2332 | B5: 1992 | C5: Sep | D5: 13 | E5: 0 | F5: 604.54 | G5: tier - 3 | H5: tier - 3 | I5: R1013 | J5: =DATE(B5,MONTH(1&C5),D5) -> 33860 | K5: =DATEDIF(J5,DATE(2023,6,8),"Y") -> 30 | O5: year(2) | P5: =COUNTIF('Hospitalisation Details'!B1:B2344,"?") -> 0
A6: Id2331 | B6: 1998 | C6: Jul | D6: 27 | E6: 0 | F6: 637.26 | G6: tier - 3 | H6: tier - 3 | I6: R1013 | J6: =DATE(B6,MONTH(1&C6),D6) -> 36003 | K6: =DATEDIF(J6,DATE(2023,6,8),"Y") -> 24 | O6: month(3) | P6: =COUNTIF('Hospitalisation Details'!C1:C2344,"?") -> 0
A7: Id2330 | B7: 2001 | C7: Nov | D7: 20 | E7: 0 | F7: 646.14 | G7: tier - 3 | H7: tier - 3 | I7: R1012 | J7: =DATE(B7,MONTH(1&C7),D7) -> 37215 | K7: =DATEDIF(J7,DATE(2023,6,8),"Y") -> 21 | O7: date | P7: =COUNTIF('Hospitalisation Details'!D1:D2344,"?") -> 0
A8: Id2329 | B8: 1993 | C8: Jun | D8: 1 | E8: 0 | F8: 650 | G8: tier - 3 | H8: tier - 3 | I8: R1013 | J8: =DATE(B8,MONTH(1&C8),D8) -> 34121 | K8: =DATEDIF(J8,DATE(2023,6,8),"Y") -> 30 | O8: children | P8: =COUNTIF('Hospitalisation Details'!E1:E2344,"?") -> 0
A9: Id2328 | B9: 1995 | C9: Jul | D9: 4 | E9: 0 | F9: 650 | G9: tier - 3 | H9: tier - 3 | I9: R1013 | J9: =DATE(B9,MONTH(1&C9),D9) -> 34884 | K9: =DATEDIF(J9,DATE(2023,6,8),"Y") -> 27 | O9: charges | P9: =COUNTIF('Hospitalisation Details'!F1:F2344,"?") -> 0
A10: Id2327 | B10: 2002 | C10: Nov | D10: 29 | E10: 0 | F10: 668 | G10: tier - 3 | H10: tier - 2 | I10: R1012 | J10: =DATE(B10,MONTH(1&C10),D10) -> 37589 | K10: =DATEDIF(J10,DATE(2023,6,8),"Y") -> 20 | O10: Hospital tier | P10: =COUNTIF('Hospitalisation Details'!G1:G2344,"?") -> 0
A11: Id2326 | B11: 1997 | C11: Nov | D11: 9 | E11: 0 | F11: 670 | G11: tier - 3 | H11: tier - 3 | I11: R1013 | J11: =DATE(B11,MONTH(1&C11),D11) -> 35743 | K11: =DATEDIF(J11,DATE(2023,6,8),"Y") -> 25 | O11: City tier | P11: =COUNTIF('Hospitalisation Details'!H1:H2344,"?") -> 0
A12: Id2325 | B12: 2001 | C12: Sep | D12: 12 | E12: 0 | F12: 687.54 | G12: tier - 3 | H12: tier - 2 | I12: R1013 | J12: =DATE(B12,MONTH(1&C12),D12) -> 37146 | K12: =DATEDIF(J12,DATE(2023,6,8),"Y") -> 21 | O12: State ID | P12: =COUNTIF('Hospitalisation Details'!I1:I2344,"?") -> 0
A13: Id2324 | B13: 1999 | C13: Dec | D13: 26 | E13: 0 | F13: 700 | G13: tier - 2 | H13: tier - 3 | I13: R1013 | J13: =DATE(B13,MONTH(1&C13),D13) -> 36520 | K13: =DATEDIF(J13,DATE(2023,6,8),"Y") -> 23
A14: Id2323 | B14: 1999 | C14: Dec | D14: 14 | E14: 0 | F14: 722.99 | G14: tier - 3 | H14: tier - 1 | I14: R1013 | J14: =DATE(B14,MONTH(1&C14),D14) -> 36508 | K14: =DATEDIF(J14,DATE(2023,6,8),"Y") -> 23 | O14: AVERAGE OF YEAR: | P14: =ROUND(AVERAGE(B1:B2344),0) -> 1983
A15: Id2322 | B15: 2002 | C15: Sep | D15: 19 | E15: 0 | F15: 750 | G15: tier - 3 | H15: tier - 1 | I15: R1012 | J15: =DATE(B15,MONTH(1&C15),D15) -> 37518 | K15: =DATEDIF(J15,DATE(2023,6,8),"Y") -> 20
A16: Id2321 | B16: 1993 | C16: Aug | D16: 9 | E16: 0 | F16: 760 | G16: tier - 3 | H16: tier - 1 | I16: R1013 | J16: =DATE(B16,MONTH(1&C16),D16) -> 34190 | K16: =DATEDIF(J16,DATE(2023,6,8),"Y") -> 29 | O16: Most frequent value
A17: Id2320 | B17: 1996 | C17: Oct | D17: 22 | E17: 0 | F17: 760 | G17: tier - 3 | H17: tier - 3 | I17: R1013 | J17: =DATE(B17,MONTH(1&C17),D17) -> 35360 | K17: =DATEDIF(J17,DATE(2023,6,8),"Y") -> 26 | O17: Hospital tier-1 | P17: =COUNTIF(G1:G2344,"tier - 1") -> 309
A18: Id2319 | B18: 1993 | C18: Jun | D18: 28 | E18: 0 | F18: 770 | G18: tier - 3 | H18: tier - 3 | I18: R1013 | J18: =DATE(B18,MONTH(1&C18),D18) -> 34148 | K18: =DATEDIF(J18,DATE(2023,6,8),"Y") -> 29 | O18: Hospital tier-2 | P18: =COUNTIF(G1:G2344,"tier - 2") -> 1340
A19: Id2318 | B19: 1996 | C19: Sep | D19: 18 | E19: 0 | F19: 770.38 | G19: tier - 3 | H19: tier - 2 | I19: R1012 | J19: =DATE(B19,MONTH(1&C19),D19) -> 35326 | K19: =DATEDIF(J19,DATE(2023,6,8),"Y") -> 26 | O19: Hospital tier-3 | P19: =COUNTIF(G1:G2344,"tier - 3") -> 694
A20: Id2317 | B20: 1995 | C20: Dec | D20: 7 | E20: 0 | F20: 773.54 | G20: tier - 3 | H20: tier - 2 | I20: R1013 | J20: =DATE(B20,MONTH(1&C20),D20) -> 35040 | K20: =DATEDIF(J20,DATE(2023,6,8),"Y") -> 27
A21: Id2316 | B21: 2004 | C21: Oct | D21: 7 | E21: 0 | F21: 830.52 | G21: tier - 3 | H21: tier - 2 | I21: R1011 | J21: =DATE(B21,MONTH(1&C21),D21) -> 38267 | K21: =DATEDIF(J21,DATE(2023,6,8),"Y") -> 18 | O21: Most frequent value
A22: Id2315 | B22: 2000 | C22: Nov | D22: 18 | E22: 0 | F22: 865.41 | G22: tier - 3 | H22: tier - 1 | I22: R1013 | J22: =DATE(B22,MONTH(1&C22),D22) -> 36848 | K22: =DATEDIF(J22,DATE(2023,6,8),"Y") -> 22 | O22: City tier-1 | P22: =COUNTIF($H$1:$H$2344,"tier - 1") -> 734
A23: Id2314 | B23: 1993 | C23: Nov | D23: 27 | E23: 0 | F23: 896.21 | G23: tier - 3 | H23: tier - 1 | I23: R1013 | J23: =DATE(B23,MONTH(1&C23),D23) -> 34300 | K23: =DATEDIF(J23,DATE(2023,6,8),"Y") -> 29 | O23: City tier-2 | P23: =COUNTIF(H1:H2344,"tier - 2") -> 813
A24: Id2313 | B24: 1994 | C24: Oct | D24: 30 | E24: 0 | F24: 915.07 | G24: tier - 3 | H24: tier - 1 | I24: R1013 | J24: =DATE(B24,MONTH(1&C24),D24) -> 34637 | K24: =DATEDIF(J24,DATE(2023,6,8),"Y") -> 28 | O24: City tier-3 | P24: =COUNTIF(H1:H2344,"tier - 3") -> 796
A25: Id2312 | B25: 1995 | C25: Oct | D25: 28 | E25: 0 | F25: 928.59 | G25: tier - 3 | H25: tier - 1 | I25: R1013 | J25: =DATE(B25,MONTH(1&C25),D25) -> 35000 | K25: =DATEDIF(J25,DATE(2023,6,8),"Y") -> 27
A26: Id2311 | B26: 2001 | C26: Aug | D26: 19 | E26: 0 | F26: 964.71 | G26: tier - 3 | H26: tier - 2 | I26: R1013 | J26: =DATE(B26,MONTH(1&C26),D26) -> 37122 | K26: =DATEDIF(J26,DATE(2023,6,8),"Y") -> 21
A27: Id2310 | B27: 1994 | C27: Nov | D27: 22 | E27: 0 | F27: 1006.65 | G27: tier - 3 | H27: tier - 2 | I27: R1013 | J27: =DATE(B27,MONTH(1&C27),D27) -> 34660 | K27: =DATEDIF(J27,DATE(2023,6,8),"Y") -> 28
A28: Id2309 | B28: 2000 | C28: Oct | D28: 9 | E28: 0 | F28: 1012 | G28: tier - 3 | H28: tier - 2 | I28: R1013 | J28: =DATE(B28,MONTH(1&C28),D28) -> 36808 | K28: =DATEDIF(J28,DATE(2023,6,8),"Y") -> 22
A29: Id2308 | B29: 1999 | C29: Aug | D29: 5 | E29: 0 | F29: 1019 | G29: tier - 3 | H29: tier - 2 | I29: R1013 | J29: =DATE(B29,MONTH(1&C29),D29) -> 36377 | K29: =DATEDIF(J29,DATE(2023,6,8),"Y") -> 23
A30: Id2307 | B30: 1995 | C30: Oct | D30: 5 | E30: 0 | F30: 1033.74 | G30: tier - 3 | H30: tier - 1 | I30: R1013 | J30: =DATE(B30,MONTH(1&C30),D30) -> 34977 | K30: =DATEDIF(J30,DATE(2023,6,8),"Y") -> 27
A31: Id2306 | B31: 1994 | C31: Nov | D31: 17 | E31: 0 | F31: 1044 | G31: tier - 3 | H31: tier - 2 | I31: R1013 | J31: =DATE(B31,MONTH(1&C31),D31) -> 34655 | K31: =DATEDIF(J31,DATE(2023,6,8),"Y") -> 28
A32: Id2305 | B32: 2002 | C32: Jul | D32: 20 | E32: 0 | F32: 1047 | G32: tier - 3 | H32: tier - 1 | I32: R1013 | J32: =DATE(B32,MONTH(1&C32),D32) -> 37457 | K32: =DATEDIF(J32,DATE(2023,6,8),"Y") -> 20
A33: Id2304 | B33: 2002 | C33: Jul | D33: 1 | E33: 0 | F33: 1049 | G33: tier - 3 | H33: tier - 2 | I33: R1012 | J33: =DATE(B33,MONTH(1&C33),D33) -> 37438 | K33: =DATEDIF(J33,DATE(2023,6,8),"Y") -> 20
A34: Id2303 | B34: 1995 | C34: Jun | D34: 1 | E34: 0 | F34: 1056 | G34: tier - 3 | H34: tier - 2 | I34: R1013 | J34: =DATE(B34,MONTH(1&C34),D34) -> 34851 | K34: =DATEDIF(J34,DATE(2023,6,8),"Y") -> 28
A35: Id2302 | B35: 1993 | C35: Sep | D35: 28 | E35: 0 | F35: 1068 | G35: tier - 3 | H35: tier - 1 | I35: R1013 | J35: =DATE(B35,MONTH(1&C35),D35) -> 34240 | K35: =DATEDIF(J35,DATE(2023,6,8),"Y") -> 29
A36: Id2301 | B36: 2004 | C36: Aug | D36: 24 | E36: 0 | F36: 1070 | G36: tier - 3 | H36: tier - 3 | I36: R1013 | J36: =DATE(B36,MONTH(1&C36),D36) -> 38223 | K36: =DATEDIF(J36,DATE(2023,6,8),"Y") -> 18
... A2344: Id1 | B2344: 1968 | C2344: Oct | D2344: 12 | E2344: 0 | F2344: 63770.43 | G2344: tier - 1 | H2344: tier - 3 | I2344: R1013 | J2344: =DATE(B2344,MONTH(1&C2344),D2344) -> 25123 | K2344: =DATEDIF(J2344,DATE(2023,6,8),"Y") -> 54

Sheet Healthcare
A1: Customer ID | B1: BMI | C1: HBA1C | D1: Heart Issues | E1: Any Transplants | F1: Cancer history | G1: NumberOfMajorSurgeries | H1: smoker | I1: Weight Status | J1: Diabetes Status | K1: charges | L1: Hospital tier | M1: City tier | N1: State ID | O1: Date of Birth | P1: Age | Q1: First Name
A2: Id1 | B2: =VLOOKUP($A2,'Medical Examinations'!$A:$J,2,FALSE) -> 47.41 | C2: =VLOOKUP($A2,'Medical Examinations'!$A:$J,3,FALSE) -> 7.47 | D2: =VLOOKUP($A2,'Medical Examinations'!$A:$J,4,FALSE) -> No | E2: =VLOOKUP($A2,'Medical Examinations'!$A:$J,5,FALSE) -> No | F2: =VLOOKUP($A2,'Medical Examinations'!$A:$J,6,FALSE) -> No | G2: =VLOOKUP($A2,'Medical Examinations'!$A:$J,7,FALSE) -> 0 | H2: =VLOOKUP($A2,'Medical Examinations'!$A:$J,8,FALSE) -> yes | I2: =VLOOKUP($A2,'Medical Examinations'!$A:$J,9,FALSE) -> Obesity | J2: =VLOOKUP($A2,'Medical Examinations'!$A:$J,10,FALSE) -> Diabetes | K2: =VLOOKUP($A2,'Hospitalisation Details'!$A:$K,6,FALSE) -> 63770.43 | L2: =VLOOKUP($A2,'Hospitalisation Details'!$A:$K,7,FALSE) -> tier - 1 | M2: =VLOOKUP($A2,'Hospitalisation Details'!$A:$K,8,FALSE) -> tier - 3 | N2: =VLOOKUP($A2,'Hospitalisation Details'!$A:$K,9,FALSE) -> R1013 | O2: =VLOOKUP($A2,'Hospitalisation Details'!$A:$K,10,FALSE) -> 25123 | P2: =VLOOKUP($A2,'Hospitalisation Details'!$A:$K,11,FALSE) -> 54 | Q2: =VLOOKUP($A2,'Customer Names'!$A:$E,4,FALSE) -> Kelly
A3: Id2 | B3: =VLOOKUP($A3,'Medical Examinations'!$A:$J,2,FALSE) -> 30.36 | C3: =VLOOKUP($A3,'Medical Examinations'!$A:$J,3,FALSE) -> 5.77 | D3: =VLOOKUP($A3,'Medical Examinations'!$A:$J,4,FALSE) -> No | E3: =VLOOKUP($A3,'Medical Examinations'!$A:$J,5,FALSE) -> No | F3: =VLOOKUP($A3,'Medical Examinations'!$A:$J,6,FALSE) -> No | G3: =VLOOKUP($A3,'Medical Examinations'!$A:$J,7,FALSE) -> 0 | H3: =VLOOKUP($A3,'Medical Examinations'!$A:$J,8,FALSE) -> yes | I3: =VLOOKUP($A3,'Medical Examinations'!$A:$J,9,FALSE) -> Obesity | J3: =VLOOKUP($A3,'Medical Examinations'!$A:$J,10,FALSE) -> Prediabetes | K3: =VLOOKUP($A3,'Hospitalisation Details'!$A:$K,6,FALSE) -> 62592.87 | L3: =VLOOKUP($A3,'Hospitalisation Details'!$A:$K,7,FALSE) -> tier - 2 | M3: =VLOOKUP($A3,'Hospitalisation Details'!$A:$K,8,FALSE) -> tier - 3 | N3: =VLOOKUP($A3,'Hospitalisation Details'!$A:$K,9,FALSE) -> R1013 | O3: =VLOOKUP($A3,'Hospitalisation Details'!$A:$K,10,FALSE) -> 28284 | P3: =VLOOKUP($A3,'Hospitalisation Details'!$A:$K,11,FALSE) -> 46 | Q3: =VLOOKUP($A3,'Customer Names'!$A:$E,4,FALSE) -> Matthew D
A4: Id3 | B4: =VLOOKUP($A4,'Medical Examinations'!$A:$J,2,FALSE) -> 34.485 | C4: =VLOOKUP($A4,'Medical Examinations'!$A:$J,3,FALSE) -> 11.87 | D4: =VLOOKUP($A4,'Medical Examinations'!$A:$J,4,FALSE) -> yes | E4: =VLOOKUP($A4,'Medical Examinations'!$A:$J,5,FALSE) -> No | F4: =VLOOKUP($A4,'Medical Examinations'!$A:$J,6,FALSE) -> No | G4: =VLOOKUP($A4,'Medical Examinations'!$A:$J,7,FALSE) -> 2 | H4: =VLOOKUP($A4,'Medical Examinations'!$A:$J,8,FALSE) -> yes | I4: =VLOOKUP($A4,'Medical Examinations'!$A:$J,9,FALSE) -> Obesity | J4: =VLOOKUP($A4,'Medical Examinations'!$A:$J,10,FALSE) -> Diabetes | K4: =VLOOKUP($A4,'Hospitalisation Details'!$A:$K,6,FALSE) -> 60021.4 | L4: =VLOOKUP($A4,'Hospitalisation Details'!$A:$K,7,FALSE) -> tier - 1 | M4: =VLOOKUP($A4,'Hospitalisation Details'!$A:$K,8,FALSE) -> tier - 1 | N4: =VLOOKUP($A4,'Hospitalisation Details'!$A:$K,9,FALSE) -> R1012 | O4: =VLOOKUP($A4,'Hospitalisation Details'!$A:$K,10,FALSE) -> 25822 | P4: =VLOOKUP($A4,'Hospitalisation Details'!$A:$K,11,FALSE) -> 52 | Q4: =VLOOKUP($A4,'Customer Names'!$A:$E,4,FALSE) -> Phil
A5: Id4 | B5: =VLOOKUP($A5,'Medical Examinations'!$A:$J,2,FALSE) -> 38.095 | C5: =VLOOKUP($A5,'Medical Examinations'!$A:$J,3,FALSE) -> 6.05 | D5: =VLOOKUP($A5,'Medical Examinations'!$A:$J,4,FALSE) -> No | E5: =VLOOKUP($A5,'Medical Examinations'!$A:$J,5,FALSE) -> No | F5: =VLOOKUP($A5,'Medical Examinations'!$A:$J,6,FALSE) -> No | G5: =VLOOKUP($A5,'Medical Examinations'!$A:$J,7,FALSE) -> 0 | H5: =VLOOKUP($A5,'Medical Examinations'!$A:$J,8,FALSE) -> yes | I5: =VLOOKUP($A5,'Medical Examinations'!$A:$J,9,FALSE) -> Obesity | J5: =VLOOKUP($A5,'Medical Examinations'!$A:$J,10,FALSE) -> Prediabetes | K5: =VLOOKUP($A5,'Hospitalisation Details'!$A:$K,6,FALSE) -> 58571.07 | L5: =VLOOKUP($A5,'Hospitalisation Details'!$A:$K,7,FALSE) -> tier - 1 | M5: =VLOOKUP($A5,'Hospitalisation Details'!$A:$K,8,FALSE) -> tier - 3 | N5: =VLOOKUP($A5,'Hospitalisation Details'!$A:$K,9,FALSE) -> R1024 | O5: =VLOOKUP($A5,'Hospitalisation Details'!$A:$K,10,FALSE) -> 33395 | P5: =VLOOKUP($A5,'Hospitalisation Details'!$A:$K,11,FALSE) -> 32 | Q5: =VLOOKUP($A5,'Customer Names'!$A:$E,4,FALSE) -> Kelsey
A6: Id5 | B6: =VLOOKUP($A6,'Medical Examinations'!$A:$J,2,FALSE) -> 35.53 | C6: =VLOOKUP($A6,'Medical Examinations'!$A:$J,3,FALSE) -> 5.45 | D6: =VLOOKUP($A6,'Medical Examinations'!$A:$J,4,FALSE) -> No | E6: =VLOOKUP($A6,'Medical Examinations'!$A:$J,5,FALSE) -> No | F6: =VLOOKUP($A6,'Medical Examinations'!$A:$J,6,FALSE) -> No | G6: =VLOOKUP($A6,'Medical Examinations'!$A:$J,7,FALSE) -> 0 | H6: =VLOOKUP($A6,'Medical Examinations'!$A:$J,8,FALSE) -> yes | I6: =VLOOKUP($A6,'Medical Examinations'!$A:$J,9,FALSE) -> Obesity | J6: =VLOOKUP($A6,'Medical Examinations'!$A:$J,10,FALSE) -> Normal | K6: =VLOOKUP($A6,'Hospitalisation Details'!$A:$K,6,FALSE) -> 55135.4 | L6: =VLOOKUP($A6,'Hospitalisation Details'!$A:$K,7,FALSE) -> tier - 1 | M6: =VLOOKUP($A6,'Hospitalisation Details'!$A:$K,8,FALSE) -> tier - 2 | N6: =VLOOKUP($A6,'Hospitalisation Details'!$A:$K,9,FALSE) -> R1012 | O6: =VLOOKUP($A6,'Hospitalisation Details'!$A:$K,10,FALSE) -> 32678 | P6: =VLOOKUP($A6,'Hospitalisation Details'!$A:$K,11,FALSE) -> 33 | Q6: =VLOOKUP($A6,'Customer Names'!$A:$E,4,FALSE) -> Kristyn
A7: Id6 | B7: =VLOOKUP($A7,'Medical Examinations'!$A:$J,2,FALSE) -> 32.8 | C7: =VLOOKUP($A7,'Medical Examinations'!$A:$J,3,FALSE) -> 6.59 | D7: =VLOOKUP($A7,'Medical Examinations'!$A:$J,4,FALSE) -> No | E7: =VLOOKUP($A7,'Medical Examinations'!$A:$J,5,FALSE) -> No | F7: =VLOOKUP($A7,'Medical Examinations'!$A:$J,6,FALSE) -> No | G7: =VLOOKUP($A7,'Medical Examinations'!$A:$J,7,FALSE) -> 0 | H7: =VLOOKUP($A7,'Medical Examinations'!$A:$J,8,FALSE) -> yes | I7: =VLOOKUP($A7,'Medical Examinations'!$A:$J,9,FALSE) -> Obesity | J7: =VLOOKUP($A7,'Medical Examinations'!$A:$J,10,FALSE) -> Diabetes | K7: =VLOOKUP($A7,'Hospitalisation Details'!$A:$K,6,FALSE) -> 52590.83 | L7: =VLOOKUP($A7,'Hospitalisation Details'!$A:$K,7,FALSE) -> tier - 1 | M7: =VLOOKUP($A7,'Hospitalisation Details'!$A:$K,8,FALSE) -> tier - 3 | N7: =VLOOKUP($A7,'Hospitalisation Details'!$A:$K,9,FALSE) -> R1011 | O7: =VLOOKUP($A7,'Hospitalisation Details'!$A:$K,10,FALSE) -> 22862 | P7: =VLOOKUP($A7,'Hospitalisation Details'!$A:$K,11,FALSE) -> 60 | Q7: =VLOOKUP($A7,'Customer Names'!$A:$E,4,FALSE) -> Russell B.
A8: Id7 | B8: =VLOOKUP($A8,'Medical Examinations'!$A:$J,2,FALSE) -> 36.4 | C8: =VLOOKUP($A8,'Medical Examinations'!$A:$J,3,FALSE) -> 6.07 | D8: =VLOOKUP($A8,'Medical Examinations'!$A:$J,4,FALSE) -> No | E8: =VLOOKUP($A8,'Medical Examinations'!$A:$J,5,FALSE) -> No | F8: =VLOOKUP($A8,'Medical Examinations'!$A:$J,6,FALSE) -> No | G8: =VLOOKUP($A8,'Medical Examinations'!$A:$J,7,FALSE) -> 0 | H8: =VLOOKUP($A8,'Medical Examinations'!$A:$J,8,FALSE) -> yes | I8: =VLOOKUP($A8,'Medical Examinations'!$A:$J,9,FALSE) -> Obesity | J8: =VLOOKUP($A8,'Medical Examinations'!$A:$J,10,FALSE) -> Prediabetes | K8: =VLOOKUP($A8,'Hospitalisation Details'!$A:$K,6,FALSE) -> 51194.56 | L8: =VLOOKUP($A8,'Hospitalisation Details'!$A:$K,7,FALSE) -> tier - 1 | M8: =VLOOKUP($A8,'Hospitalisation Details'!$A:$K,8,FALSE) -> tier - 3 | N8: =VLOOKUP($A8,'Hospitalisation Details'!$A:$K,9,FALSE) -> R1011 | O8: =VLOOKUP($A8,'Hospitalisation Details'!$A:$K,10,FALSE) -> 34634 | P8: =VLOOKUP($A8,'Hospitalisation Details'!$A:$K,11,FALSE) -> 28 | Q8: =VLOOKUP($A8,'Customer Names'!$A:$E,4,FALSE) -> Scott
A9: Id8 | B9: =VLOOKUP($A9,'Medical Examinations'!$A:$J,2,FALSE) -> 36.96 | C9: =VLOOKUP($A9,'Medical Examinations'!$A:$J,3,FALSE) -> 7.93 | D9: =VLOOKUP($A9,'Medical Examinations'!$A:$J,4,FALSE) -> No | E9: =VLOOKUP($A9,'Medical Examinations'!$A:$J,5,FALSE) -> No | F9: =VLOOKUP($A9,'Medical Examinations'!$A:$J,6,FALSE) -> No | G9: =VLOOKUP($A9,'Medical Examinations'!$A:$J,7,FALSE) -> 3 | H9: =VLOOKUP($A9,'Medical Examinations'!$A:$J,8,FALSE) -> yes | I9: =VLOOKUP($A9,'Medical Examinations'!$A:$J,9,FALSE) -> Obesity | J9: =VLOOKUP($A9,'Medical Examinations'!$A:$J,10,FALSE) -> Diabetes | K9: =VLOOKUP($A9,'Hospitalisation Details'!$A:$K,6,FALSE) -> 49577.66 | L9: =VLOOKUP($A9,'Hospitalisation Details'!$A:$K,7,FALSE) -> tier - 2 | M9: =VLOOKUP($A9,'Hospitalisation Details'!$A:$K,8,FALSE) -> tier - 2 | N9: =VLOOKUP($A9,'Hospitalisation Details'!$A:$K,9,FALSE) -> R1013 | O9: =VLOOKUP($A9,'Hospitalisation Details'!$A:$K,10,FALSE) -> 21363 | P9: =VLOOKUP($A9,'Hospitalisation Details'!$A:$K,11,FALSE) -> 64 | Q9: =VLOOKUP($A9,'Customer Names'!$A:$E,4,FALSE) -> Stephen
A10: Id9 | B10: =VLOOKUP($A10,'Medical Examinations'!$A:$J,2,FALSE) -> 41.14 | C10: =VLOOKUP($A10,'Medical Examinations'!$A:$J,3,FALSE) -> 9.58 | D10: =VLOOKUP($A10,'Medical Examinations'!$A:$J,4,FALSE) -> yes | E10: =VLOOKUP($A10,'Medical Examinations'!$A:$J,5,FALSE) -> No | F10: =VLOOKUP($A10,'Medical Examinations'!$A:$J,6,FALSE) -> Yes | G10: =VLOOKUP($A10,'Medical Examinations'!$A:$J,7,FALSE) -> 1 | H10: =VLOOKUP($A10,'Medical Examinations'!$A:$J,8,FALSE) -> yes | I10: =VLOOKUP($A10,'Medical Examinations'!$A:$J,9,FALSE) -> Obesity | J10: =VLOOKUP($A10,'Medical Examinations'!$A:$J,10,FALSE) -> Diabetes | K10: =VLOOKUP($A10,'Hospitalisation Details'!$A:$K,6,FALSE) -> 48970.25 | L10: =VLOOKUP($A10,'Hospitalisation Details'!$A:$K,7,FALSE) -> tier - 1 | M10: =VLOOKUP($A10,'Hospitalisation Details'!$A:$K,8,FALSE) -> tier - 2 | N10: =VLOOKUP($A10,'Hospitalisation Details'!$A:$K,9,FALSE) -> R1013 | O10: =VLOOKUP($A10,'Hospitalisation Details'!$A:$K,10,FALSE) -> 23258 | P10: =VLOOKUP($A10,'Hospitalisation Details'!$A:$K,11,FALSE) -> 59 | Q10: =VLOOKUP($A10,'Customer Names'!$A:$E,4,FALSE) -> Patrick R.
A11: Id10 | B11: =VLOOKUP($A11,'Medical Examinations'!$A:$J,2,FALSE) -> 38.06 | C11: =VLOOKUP($A11,'Medical Examinations'!$A:$J,3,FALSE) -> 10.79 | D11: =VLOOKUP($A11,'Medical Examinations'!$A:$J,4,FALSE) -> No | E11: =VLOOKUP($A11,'Medical Examinations'!$A:$J,5,FALSE) -> No | F11: =VLOOKUP($A11,'Medical Examinations'!$A:$J,6,FALSE) -> No | G11: =VLOOKUP($A11,'Medical Examinations'!$A:$J,7,FALSE) -> 0 | H11: =VLOOKUP($A11,'Medical Examinations'!$A:$J,8,FALSE) -> yes | I11: =VLOOKUP($A11,'Medical Examinations'!$A:$J,9,FALSE) -> Obesity | J11: =VLOOKUP($A11,'Medical Examinations'!$A:$J,10,FALSE) -> Diabetes | K11: =VLOOKUP($A11,'Hospitalisation Details'!$A:$K,6,FALSE) -> 48885.14 | L11: =VLOOKUP($A11,'Hospitalisation Details'!$A:$K,7,FALSE) -> tier - 1 | M11: =VLOOKUP($A11,'Hospitalisation Details'!$A:$K,8,FALSE) -> tier - 2 | N11: =VLOOKUP($A11,'Hospitalisation Details'!$A:$K,9,FALSE) -> R1013 | O11: =VLOOKUP($A11,'Hospitalisation Details'!$A:$K,10,FALSE) -> 28853 | P11: =VLOOKUP($A11,'Hospitalisation Details'!$A:$K,11,FALSE) -> 44 | Q11: =VLOOKUP($A11,'Customer Names'!$A:$E,4,FALSE) -> Brooke N.
A12: Id11 | B12: =VLOOKUP($A12,'Medical Examinations'!$A:$J,2,FALSE) -> 37.7 | C12: =VLOOKUP($A12,'Medical Examinations'!$A:$J,3,FALSE) -> 5.96 | D12: =VLOOKUP($A12,'Medical Examinations'!$A:$J,4,FALSE) -> yes | E12: =VLOOKUP($A12,'Medical Examinations'!$A:$J,5,FALSE) -> No | F12: =VLOOKUP($A12,'Medical Examinations'!$A:$J,6,FALSE) -> No | G12: =VLOOKUP($A12,'Medical Examinations'!$A:$J,7,FALSE) -> 2 | H12: =VLOOKUP($A12,'Medical Examinations'!$A:$J,8,FALSE) -> yes | I12: =VLOOKUP($A12,'Medical Examinations'!$A:$J,9,FALSE) -> Obesity | J12: =VLOOKUP($A12,'Medical Examinations'!$A:$J,10,FALSE) -> Prediabetes | K12: =VLOOKUP($A12,'Hospitalisation Details'!$A:$K,6,FALSE) -> 48824.45 | L12: =VLOOKUP($A12,'Hospitalisation Details'!$A:$K,7,FALSE) -> tier - 2 | M12: =VLOOKUP($A12,'Hospitalisation Details'!$A:$K,8,FALSE) -> tier - 1 | N12: =VLOOKUP($A12,'Hospitalisation Details'!$A:$K,9,FALSE) -> R1011 | O12: =VLOOKUP($A12,'Hospitalisation Details'!$A:$K,10,FALSE) -> 21753 | P12: =VLOOKUP($A12,'Hospitalisation Details'!$A:$K,11,FALSE) -> 63 | Q12: =VLOOKUP($A12,'Customer Names'!$A:$E,4,FALSE) -> Paola Andrea
A13: Id12 | B13: =VLOOKUP($A13,'Medical Examinations'!$A:$J,2,FALSE) -> 42.13 | C13: =VLOOKUP($A13,'Medical Examinations'!$A:$J,3,FALSE) -> 11.9 | D13: =VLOOKUP($A13,'Medical Examinations'!$A:$J,4,FALSE) -> No | E13: =VLOOKUP($A13,'Medical Examinations'!$A:$J,5,FALSE) -> No | F13: =VLOOKUP($A13,'Medical Examinations'!$A:$J,6,FALSE) -> No | G13: =VLOOKUP($A13,'Medical Examinations'!$A:$J,7,FALSE) -> 0 | H13: =VLOOKUP($A13,'Medical Examinations'!$A:$J,8,FALSE) -> yes | I13: =VLOOKUP($A13,'Medical Examinations'!$A:$J,9,FALSE) -> Obesity | J13: =VLOOKUP($A13,'Medical Examinations'!$A:$J,10,FALSE) -> Diabetes | K13: =VLOOKUP($A13,'Hospitalisation Details'!$A:$K,6,FALSE) -> 48675.52 | L13: =VLOOKUP($A13,'Hospitalisation Details'!$A:$K,7,FALSE) -> tier - 1 | M13: =VLOOKUP($A13,'Hospitalisation Details'!$A:$K,8,FALSE) -> tier - 2 | N13: =VLOOKUP($A13,'Hospitalisation Details'!$A:$K,9,FALSE) -> R1013 | O13: =VLOOKUP($A13,'Hospitalisation Details'!$A:$K,10,FALSE) -> 24042 | P13: =VLOOKUP($A13,'Hospitalisation Details'!$A:$K,11,FALSE) -> 57 | Q13: =VLOOKUP($A13,'Customer Names'!$A:$E,4,FALSE) -> David
... A2336: Id2335 | B2336: =VLOOKUP($A2336,'Medical Examinations'!$A:$J,2,FALSE) -> 17.58 | C2336: =VLOOKUP($A2336,'Medical Examinations'!$A:$J,3,FALSE) -> 4.51 | D2336: =VLOOKUP($A2336,'Medical Examinations'!$A:$J,4,FALSE) -> No | E2336: =VLOOKUP($A2336,'Medical Examinations'!$A:$J,5,FALSE) -> No | F2336: =VLOOKUP($A2336,'Medical Examinations'!$A:$J,6,FALSE) -> No | G2336: =VLOOKUP($A2336,'Medical Examinations'!$A:$J,7,FALSE) -> 1 | H2336: =VLOOKUP($A2336,'Medical Examinations'!$A:$J,8,FALSE) -> No | I2336: =VLOOKUP($A2336,'Medical Examinations'!$A:$J,9,FALSE) -> Underweight | J2336: =VLOOKUP($A2336,'Medical Examinations'!$A:$J,10,FALSE) -> Normal | K2336: =VLOOKUP($A2336,'Hospitalisation Details'!$A:$K,6,FALSE) -> 563.84 | L2336: =VLOOKUP($A2336,'Hospitalisation Details'!$A:$K,7,FALSE) -> tier - 2 | M2336: =VLOOKUP($A2336,'Hospitalisation Details'!$A:$K,8,FALSE) -> tier - 3 | N2336: =VLOOKUP($A2336,'Hospitalisation Details'!$A:$K,9,FALSE) -> R1013 | O2336: =VLOOKUP($A2336,'Hospitalisation Details'!$A:$K,10,FALSE) -> 33794 | P2336: =VLOOKUP($A2336,'Hospitalisation Details'!$A:$K,11,FALSE) -> 30 | Q2336: =VLOOKUP($A2336,'Customer Names'!$A:$E,4,FALSE) -> Aaron K

Sheet Analysis using Column Bar Chart
A2: Average Healthcare Charges by Weight and Diabetes Status | I2: Hospital Tier Analysis
A5: Average of charges | B5: Column Labels | I5: Average of charges | J5: Column Labels
A6: Weight Status | B6: Diabetes | C6: Normal | D6: Prediabetes | E6: Grand Total | I6: Row Labels | J6: tier - 1 | K6: tier - 2 | L6: tier - 3 | M6: Grand Total
A7: Normal Weight | B7: 12447.613 | C7: 7938.5057 | D7: 10492.131 | E7: 9851.9225 | I7: R1011 | J7: 33081.374 | K7: 18997.281 | L7: 9250.3618 | M7: 19466.246
A8: Obesity | B8: 19347.657 | C8: 15188.437 | D8: 15353.902 | E8: 16661.463 | I8: R1012 | J8: 26111.458 | K8: 10334.279 | L8: 10179.942 | M8: 12016.474
A9: Overweight | B9: 14269.014 | C9: 10327.157 | D9: 9737.9402 | E9: 11435.413 | I9: R1013 | J9: 31328.102 | K9: 8439.2844 | L9: 6890.7568 | M9: 10514.94
A10: Underweight | B10: 7442.9649 | C10: 6911.0056 | D10: 5647.7483 | E10: 6899.3175 | I10: R1014 | J10: 13891.86 | K10: 2395.17 | L10: 16950.485 | M10: 13478.057
A11: Grand Total | B11: 16120.287 | C11: 12090.723 | D11: 12532.263 | E11: 13529.918 | I11: R1015 | J11: 21523.52 | K11: 15675.543 | L11: 7570.755 | M11: 13948.61
I12: R1016 | J12: 39868.616 | K12: 16075.963 | L12: 8133.0084 | M12: 13589.263
I13: R1017 | J13: 34070.596 | K13: 11365.622 | L13: 8667.3662 | M13: 14806.108
I14: R1018 | J14: 33475.82 | K14: 10139.553 | L14: 12570.97 | M14: 13272.787
I15: R1019 | J15: 27621.61 | K15: 8116.72 | L15: 12706.976 | M15: 13633.143
I16: R1020 | K16: 6760.5433 | L16: 11716.453 | M16: 9238.4983
I17: R1021 | K17: 7668.1787 | L17: 11518.786 | M17: 8933.3781
I18: R1022 | K18: 10102.027 | L18: 11637.812 | M18: 10650.521
I19: R1023 | J19: 18261.757 | K19: 13457.095 | L19: 12785.637 | M19: 13786.149
I20: R1024 | J20: 32732.187 | K20: 10174.346 | L20: 13360.979 | M20: 12865.149
I21: R1025 | K21: 6886.0368 | L21: 10510.314 | M21: 8788.7823
I22: R1026 | J22: 18709.798 | K22: 11919.608 | L22: 12296.78 | M22: 12489.921
I23: Unknown | J23: 20996.53 | M23: 20996.53
I24: Grand Total | J24: 30129.199 | K24: 11865.269 | L24: 9462.2693 | M24: 13529.918

Sheet Analysis using Line Scatter
F4: Age vs BMI | O4: Age vs HbA1C
F21: Age vs Healthcare Charges

Sheet Dashboard
H1: HEALTHCARE ANALYSIS DASHBOARD
A3: distribution of cancer history | M3: Transplant History
A5: Count of Customer ID | B5: Column Labels | L5: Any Transplant | M5: Sum of NumberOfMajorSurgeries | N5: Average of HBA1C
A6: Row Labels | B6: No | C6: Yes | D6: Grand Total | L6: No | M6: 1417 | N6: 6.6704427
A7: No | B7: 1540 | C7: 307 | D7: 1847 | L7: yes | M7: 162 | N7: 5.1876389
A8: yes | B8: 404 | C8: 84 | D8: 488 | L8: Grand Total | M8: 1579 | N8: 6.5789979
A9: Grand Total | B9: 1944 | C9: 391 | D9: 2335
A20: Average Healthcare Charges by Weight and Diabetes Status | L20: Hospital Tier Analysis
D39: Age vs BMI | M39: Age vs HbA1C
D59: Age vs Healthcare Charges
